title	year	rated	released	runtime	genre	director	writer	actors	plot	language	country	awards	poster	ratings	meta_score	imdb_rating	imdb_votes	id	type	dvd	box_office	production	website	response
The Lego Movie	2014	PG	07 Feb 2014	100 min	Animation, Action, Adventure	Phil Lord, Christopher Miller	Phil Lord, Christopher Miller, Dan Hageman	Chris Pratt, Will Ferrell, Elizabeth Banks	"An ordinary LEGO construction worker, thought to be the prophesied as ""special"", is recruited to join a quest to stop an evil tyrant from gluing the LEGO universe into eternal stasis."	English, Turkish	United States, Denmark, Australia	Nominated for 1 Oscar. 72 wins & 67 nominations total	https://m.media-amazon.com/images/M/MV5BMTg4MDk1ODExN15BMl5BanBnXkFtZTgwNzIyNjg3MDE@._V1_SX300.jpg	[object Object],[object Object],[object Object]	83	7.7	348,902	tt1490017	movie	17 Jun 2014	$257,966,122	N/A	N/A	True
The Simpsons Movie	2007	PG-13	27 Jul 2007	87 min	Animation, Adventure, Comedy	David Silverman	James L. Brooks, Matt Groening, Al Jean	Dan Castellaneta, Julie Kavner, Nancy Cartwright	After Homer pollutes the town's water supply, Springfield is encased in a gigantic dome by the EPA and the Simpsons are declared fugitives.	English	United States	Won 1 BAFTA Award5 wins & 34 nominations total	https://m.media-amazon.com/images/M/MV5BMTgxMDczMTA5N15BMl5BanBnXkFtZTcwMzk1MzMzMw@@._V1_SX300.jpg	[object Object],[object Object],[object Object]	80	7.3	327,100	tt0462538	movie	18 Dec 2007	$183,135,014	N/A	N/A	True
Scary Movie	2000	R	07 Jul 2000	88 min	Comedy	Keenen Ivory Wayans	Shawn Wayans, Marlon Wayans, Buddy Johnson	Anna Faris, Jon Abrahams, Marlon Wayans	A year after disposing of the body of a man they accidentally killed, a group of dumb teenagers are stalked by a bumbling serial killer.	English	United States	7 wins & 6 nominations	https://m.media-amazon.com/images/M/MV5BMGEzZjdjMGQtZmYzZC00N2I4LThiY2QtNWY5ZmQ3M2ExZmM4XkEyXkFqcGdeQXVyMTQxNzMzNDI@._V1_SX300.jpg	[object Object],[object Object],[object Object]	48	6.2	256,495	tt0175142	movie	12 Dec 2000	$157,019,771	N/A	N/A	True
El Camino: A Breaking Bad Movie	2019	TV-MA	11 Oct 2019	122 min	Action, Crime, Drama	Vince Gilligan	Vince Gilligan	Aaron Paul, Jonathan Banks, Matt Jones	Fugitive Jesse Pinkman runs from his captors, the law, and his past.	English, Spanish	United States	Nominated for 4 Primetime Emmys. 4 wins & 24 nominations total	https://m.media-amazon.com/images/M/MV5BNjk4MzVlM2UtZGM0ZC00M2M1LThkMWEtZjUyN2U2ZTc0NmM5XkEyXkFqcGdeQXVyOTAzMTc2MjA@._V1_SX300.jpg	[object Object],[object Object],[object Object]	72	7.3	228,680	tt9243946	movie	11 Oct 2019	N/A	N/A	N/A	True
Scary Movie 2	2001	R	04 Jul 2001	83 min	Comedy	Keenen Ivory Wayans	Shawn Wayans, Marlon Wayans, Buddy Johnson	Anna Faris, Marlon Wayans, Antony Acker	Four teens are tricked by Professor Oldman (Tim Curry) into visiting a haunted house for a school project.	English	United States	3 wins & 5 nominations	https://m.media-amazon.com/images/M/MV5BMzQxYjU1OTUtYjRiOC00NDg2LWI4MWUtZGU5YzdkYTcwNTBlXkEyXkFqcGdeQXVyMTQxNzMzNDI@._V1_SX300.jpg	[object Object],[object Object],[object Object]	29	5.3	160,255	tt0257106	movie	18 Dec 2001	$71,308,997	N/A	N/A	True
Bee Movie	2007	PG	02 Nov 2007	91 min	Animation, Adventure, Comedy	Simon J. Smith, Steve Hickner	Jerry Seinfeld, Spike Feresten, Barry Marder	Jerry Seinfeld, Renée Zellweger, Matthew Broderick	Barry B. Benson, a bee just graduated from college, is disillusioned at his lone career choice: making honey. On a special trip outside the hive, Barry's life is saved by Vanessa, a florist in New York City. As their relationship ...	English	United States	1 win & 15 nominations	https://m.media-amazon.com/images/M/MV5BMjE1MDYxOTA4MF5BMl5BanBnXkFtZTcwMDE0MDUzMw@@._V1_SX300.jpg	[object Object],[object Object],[object Object]	54	6.1	160,048	tt0389790	movie	11 Mar 2008	$126,631,277	N/A	N/A	True
The Lego Batman Movie	2017	PG	10 Feb 2017	104 min	Animation, Action, Adventure	Chris McKay	Seth Grahame-Smith, Chris McKenna, Erik Sommers	Will Arnett, Michael Cera, Rosario Dawson	A cooler-than-ever Bruce Wayne must deal with the usual suspects as they plan to rule Gotham City, while discovering that he has accidentally adopted a teenage orphan who wishes to become his sidekick.	English	United States, Denmark, Australia	13 wins & 68 nominations	https://m.media-amazon.com/images/M/MV5BMTcyNTEyOTY0M15BMl5BanBnXkFtZTgwOTAyNzU3MDI@._V1_SX300.jpg	[object Object],[object Object],[object Object]	75	7.3	147,945	tt4116284	movie	13 Jun 2017	$175,936,671	N/A	N/A	True
Scary Movie 3	2003	PG-13	24 Oct 2003	84 min	Comedy	David Zucker	Craig Mazin, Pat Proft, Shawn Wayans	Anna Faris, Charlie Sheen, Regina Hall	Cindy must investigate mysterious crop circles and video tapes, and help the President in preventing an alien invasion.	English	United States, Canada	2 wins & 4 nominations	https://m.media-amazon.com/images/M/MV5BNDE2NTIyMjg2OF5BMl5BanBnXkFtZTYwNDEyMTg3._V1_SX300.jpg	[object Object],[object Object],[object Object]	49	5.5	146,513	tt0306047	movie	11 May 2004	$110,003,217	N/A	N/A	True
Scary Movie 4	2006	PG-13	14 Apr 2006	83 min	Comedy	David Zucker	Craig Mazin, Jim Abrahams, Pat Proft	Anna Faris, Regina Hall, Craig Bierko	"Cindy finds out the house she lives in is haunted by a little boy and goes on a quest to find out who killed him and why. Also, Alien ""Tr-iPods"" are invading the world and she has to uncover the secret in order to stop them."	English, Japanese	United States	1 win & 3 nominations	https://m.media-amazon.com/images/M/MV5BZmFkMzc2NTctN2U1Ni00MzE5LWJmMzMtYWQ4NjQyY2MzYmM1XkEyXkFqcGdeQXVyNTIzOTk5ODM@._V1_SX300.jpg	[object Object],[object Object],[object Object]	40	5.1	120,905	tt0362120	movie	15 Aug 2006	$90,710,620	N/A	N/A	True
Movie 43	2013	R	25 Jan 2013	94 min	Comedy	Elizabeth Banks, Steven Brill, Steve Carr	Rocky Russo, Jeremy Sosenko, Ricky Blitt	Emma Stone, Stephen Merchant, Richard Gere	A series of interconnected short films follows a washed-up producer as he pitches insane story lines featuring some of the biggest stars in Hollywood.	English	United States	4 wins & 5 nominations	https://m.media-amazon.com/images/M/MV5BMTg4NzQ3NDM1Nl5BMl5BanBnXkFtZTcwNjEzMjM3OA@@._V1_SX300.jpg	[object Object],[object Object],[object Object]	18	4.3	105,425	tt1333125	movie	18 Jun 2013	$8,840,453	N/A	N/A	True
Epic Movie	2007	PG-13	26 Jan 2007	86 min	Adventure, Comedy, Fantasy	Jason Friedberg, Aaron Seltzer	Jason Friedberg, Aaron Seltzer	Kal Penn, Jennifer Coolidge, Fred Willard	A spoof on previous years' epic movies (The Da Vinci Code (2006), The Chronicles of Narnia: The Lion, the Witch and the Wardrobe (2005) + 20 more), TV series, music videos and celebs. 4 orphans are on an epic adventure.	English	United States	2 wins & 3 nominations	https://m.media-amazon.com/images/M/MV5BMTA3NDM5ODU3NzleQTJeQWpwZ15BbWU3MDgyMjgyNDE@._V1_SX300.jpg	[object Object],[object Object],[object Object]	17	2.4	105,392	tt0799949	movie	22 May 2007	$39,739,367	N/A	N/A	True
Not Another Teen Movie	2001	R	14 Dec 2001	89 min	Comedy	Joel Gallen	Mike Bender, Adam Jay Epstein, Andrew Jacobson	Chyler Leigh, Jaime Pressly, Chris Evans	A sendup of all the teen movies that have accumulated in the past two decades.	English	United States	5 nominations	https://m.media-amazon.com/images/M/MV5BNTRhNWJmNTUtM2VhYi00NzdkLTgyYTUtMWMzMWI3MzFmNzk5XkEyXkFqcGdeQXVyNjgzMjI4ODE@._V1_SX300.jpg	[object Object],[object Object],[object Object]	32	5.7	105,196	tt0277371	movie	07 Dec 2004	$38,252,284	N/A	N/A	True
Jackass: The Movie	2002	R	25 Oct 2002	85 min	Documentary, Action, Comedy	Jeff Tremaine	Jeff Tremaine, Spike Jonze, Johnny Knoxville	Johnny Knoxville, Bam Margera, Chris Pontius	Johnny Knoxville and his band of maniacs perform a variety of stunts and gross-out gags on the big screen for the first time.	English	United States	1 win & 7 nominations	https://m.media-amazon.com/images/M/MV5BOTgwMmU0YzktOGNhNi00MDcyLTg1OGEtZGQwM2RlMTAyYzhlXkEyXkFqcGdeQXVyMTQxNzMzNDI@._V1_SX300.jpg	[object Object],[object Object],[object Object]	42	6.6	94,277	tt0322802	movie	06 Dec 2005	$64,255,312	N/A	N/A	True
The Angry Birds Movie	2016	PG	20 May 2016	97 min	Animation, Action, Adventure	Clay Kaytis, Fergal Reilly	Jon Vitti, Mikael Hed, Mikko Pöllä	Jason Sudeikis, Josh Gad, Danny McBride	When an island populated by happy, flightless birds is visited by mysterious green piggies, it's up to three unlikely outcasts - Red, Chuck and Bomb - to figure out what the pigs are up to.	English	Finland, United States	2 wins & 8 nominations	https://m.media-amazon.com/images/M/MV5BMTY3MjU0NDA0OF5BMl5BanBnXkFtZTgwNTc0MTU3OTE@._V1_SX300.jpg	[object Object],[object Object],[object Object]	43	6.2	91,567	tt1985949	movie	16 Aug 2016	$107,509,366	N/A	N/A	True
Disaster Movie	2008	PG-13	29 Aug 2008	87 min	Comedy, Sci-Fi	Jason Friedberg, Aaron Seltzer	Jason Friedberg, Aaron Seltzer	Carmen Electra, Vanessa Lachey, Nicole Parker	Over the course of one evening, an unsuspecting group of twenty-somethings find themselves bombarded by a series of natural disasters and catastrophic events.	English	United States	1 win & 6 nominations	https://m.media-amazon.com/images/M/MV5BMTIzMDQyNDgwNl5BMl5BanBnXkFtZTcwMDA0MTc3MQ@@._V1_SX300.jpg	[object Object],[object Object],[object Object]	15	1.9	91,231	tt1213644	movie	06 Jan 2009	$14,190,901	N/A	N/A	True
The SpongeBob SquarePants Movie	2004	PG	19 Nov 2004	87 min	Animation, Adventure, Comedy	Stephen Hillenburg, Mark Osborne	Derek Drymon, Tim Hill, Stephen Hillenburg	Tom Kenny, Jeffrey Tambor, Rodger Bumpass	SpongeBob SquarePants takes leave from the town of Bikini Bottom in order to track down King Neptune's stolen crown.	English	United States	1 win & 10 nominations	https://m.media-amazon.com/images/M/MV5BN2Y0ZmY1MzktYjk1MC00YjAwLTk0ZGQtMWM5ODkyNjE5YzQ3L2ltYWdlXkEyXkFqcGdeQXVyNjgzMjI4ODE@._V1_SX300.jpg	[object Object],[object Object],[object Object]	66	7.1	89,471	tt0345950	movie	01 Mar 2005	$85,417,988	N/A	N/A	True
A Silent Voice: The Movie	2016	Not Rated	17 Sep 2016	130 min	Animation, Drama	Naoko Yamada	Yoshitoki Oima, Reiko Yoshida, Kiyoshi Shigematsu	Miyu Irino, Saori Hayami, Aoi Yûki	A young man is ostracized by his classmates after he bullies a deaf girl to the point where she moves away. Years later, he sets off on a path for redemption.	"Japanese, Japanese Sign "	Japan	4 wins & 8 nominations	https://m.media-amazon.com/images/M/MV5BZGRkOGMxYTUtZTBhYS00NzI3LWEzMDQtOWRhMmNjNjJjMzM4XkEyXkFqcGdeQXVyMTMxODk2OTU@._V1_SX300.jpg	[object Object],[object Object]	78	8.1	76,768	tt5323662	movie	N/A	$644,391	N/A	N/A	True
Scary Movie V	2013	PG-13	12 Apr 2013	86 min	Comedy	Malcolm D. Lee, David Zucker	David Zucker, Pat Proft, Shawn Wayans	Simon Rex, Ashley Tisdale, Charlie Sheen	A couple begin to experience some unusual activity after bringing their lost nieces and nephew home. With the help of home-surveillance cameras, they learn they're being stalked by a nefarious demon.	English, Spanish, Latin	United States	5 nominations	https://m.media-amazon.com/images/M/MV5BMTc5OTIxMjQ4NF5BMl5BanBnXkFtZTcwOTAyNDcyOQ@@._V1_SX300.jpg	[object Object],[object Object],[object Object]	11	3.5	71,340	tt0795461	movie	20 Aug 2013	$32,015,787	N/A	N/A	True
Superhero Movie	2008	PG-13	28 Mar 2008	75 min	Action, Comedy, Sci-Fi	Craig Mazin	Craig Mazin	Drake Bell, Leslie Nielsen, Sara Paxton	Orphaned high school student Rick Riker is bitten by a radioactive dragonfly, develops super powers (except for the ability to fly), and becomes a hero.	English	United States	1 nomination	https://m.media-amazon.com/images/M/MV5BMTc0Njc1MTU5Nl5BMl5BanBnXkFtZTcwMjA4NDE2MQ@@._V1_SX300.jpg	[object Object],[object Object],[object Object]	33	4.6	68,598	tt0426592	movie	08 Jul 2008	$25,881,068	N/A	N/A	True
The Lego Movie 2: The Second Part	2019	PG	08 Feb 2019	107 min	Animation, Action, Adventure	Mike Mitchell	Phil Lord, Christopher Miller, Matthew Fogel	Chris Pratt, Elizabeth Banks, Will Arnett	It's been five years since everything was awesome and the citizens are facing a huge new threat: Lego Duplo invaders from outer space, wrecking everything faster than they can rebuild.	English	Denmark, Norway, Australia, United States	1 win & 16 nominations	https://m.media-amazon.com/images/M/MV5BMTkyOTkwNDc1N15BMl5BanBnXkFtZTgwNzkyMzk3NjM@._V1_SX300.jpg	[object Object],[object Object],[object Object]	65	6.6	64,999	tt3513498	movie	07 May 2019	$105,956,290	N/A	N/A	True
The Emoji Movie	2017	PG	28 Jul 2017	86 min	Animation, Adventure, Comedy	Tony Leondis	Tony Leondis, Eric Siegel, Mike White	T.J. Miller, James Corden, Anna Faris	Gene, a multi-expressional emoji, sets out on a journey to become a normal emoji.	English, Spanish	United States	7 wins & 3 nominations	https://m.media-amazon.com/images/M/MV5BMTkzMzM3OTM2Ml5BMl5BanBnXkFtZTgwMDM0NDU3MjI@._V1_SX300.jpg	[object Object],[object Object],[object Object]	12	3.3	63,450	tt4877122	movie	24 Oct 2017	$86,089,513	N/A	N/A	True
Date Movie	2006	PG-13	17 Feb 2006	83 min	Comedy, Romance	Aaron Seltzer, Jason Friedberg	Jason Friedberg, Aaron Seltzer	Alyson Hannigan, Adam Campbell, Fred Willard	Spoof of romantic comedies which focuses on a man, his crush, his parents, and her father.	English	United States, Switzerland	4 wins & 1 nomination	https://m.media-amazon.com/images/M/MV5BYjA0NGUyMDQtY2RlNy00Y2YzLWIyODItNWE1ZTM1NTM3MWM1XkEyXkFqcGdeQXVyMjUzOTY1NTc@._V1_SX300.jpg	[object Object],[object Object],[object Object]	11	2.8	59,572	tt0466342	movie	30 May 2006	$48,548,426	N/A	N/A	True
The SpongeBob Movie: Sponge Out of Water	2015	PG	06 Feb 2015	92 min	Animation, Adventure, Comedy	Paul Tibbitt, Mike Mitchell	Jonathan Aibel, Glenn Berger, Stephen Hillenburg	Tom Kenny, Antonio Banderas, Bill Fagerbakke	When a diabolical pirate above the sea steals the secret Krabby Patty formula, SpongeBob and his nemesis Plankton must team up in order to get it back.	English	United States, South Korea, Australia	1 win & 9 nominations	https://m.media-amazon.com/images/M/MV5BMGEzNGRjYzYtNmRjNy00ZTI0LTgwOTYtOTViMGM0MWUwMzQ5XkEyXkFqcGdeQXVyMTM0NTUzNDIy._V1_SX300.jpg	[object Object],[object Object],[object Object]	62	6.0	54,810	tt2279373	movie	02 Jun 2015	$162,994,032	N/A	N/A	True
A Goofy Movie	1995	G	07 Apr 1995	78 min	Animation, Adventure, Comedy	Kevin Lima	Jymn Magon, Chris Matheson, Brian Pimental	Bill Farmer, Jason Marsden, Jim Cummings	When Max makes a preposterous promise to a girl he has a crush on, his chances to fulfilling it seem hopeless when he is dragged onto a cross-country trip with his embarrassing father, Goofy.	English	United States, Australia, France, Canada	5 nominations	https://m.media-amazon.com/images/M/MV5BZDczYjU4MDMtY2RjMy00Y2UyLWE2MmMtZjliYWUwNzQ3YjExXkEyXkFqcGdeQXVyMTQxNzMzNDI@._V1_SX300.jpg	[object Object],[object Object],[object Object]	53	6.9	53,425	tt0113198	movie	03 Jun 2003	$35,348,597	N/A	N/A	True
Cowboy Bebop: The Movie	2001	TV-14	16 May 2003	115 min	Animation, Action, Crime	Shin'ichirô Watanabe, Tensai Okamura, Hiroyuki Okiura	Keiko Nobumoto, Hajime Yatate	Beau Billingslea, Melissa Fahn, Nicholas Guest	A terrorist explosion releases a deadly virus on the masses, and it's up the bounty-hunting Bebop crew to catch the cold-blooded culprit.	Japanese, English	Japan, United States	2 nominations	https://m.media-amazon.com/images/M/MV5BMTA1ODIxMDYyMzFeQTJeQWpwZ15BbWU2MDUwOTQ5Ng@@._V1_SX300.jpg	[object Object],[object Object],[object Object]	61	7.8	48,433	tt0275277	movie	24 Jun 2003	$1,000,045	N/A	N/A	True
The Peanuts Movie	2015	G	06 Nov 2015	88 min	Animation, Adventure, Comedy	Steve Martino	Craig Schulz, Bryan Schulz, Cornelius Uliano	Noah Schnapp, Bill Melendez, Hadley Belle Miller	Snoopy embarks upon his greatest mission as he and his team take to the skies to pursue their archnemesis, while his best pal Charlie Brown begins his own epic quest back home to win the love of his life.	English	United States	2 wins & 48 nominations	https://m.media-amazon.com/images/M/MV5BNTE5NzMxNzkwNl5BMl5BanBnXkFtZTgwOTQ0Nzk5NzE@._V1_SX300.jpg	[object Object],[object Object],[object Object]	67	7.0	45,738	tt2452042	movie	08 Mar 2016	$130,178,411	N/A	N/A	True
Pokémon: The First Movie - Mewtwo Strikes Back	1998	G	10 Nov 1999	96 min	Animation, Action, Adventure	Kunihiko Yuyama, Michael Haigney	Satoshi Tajiri, Takeshi Shudo, Norman J. Grossfeld	Veronica Taylor, Rachael Lillis, Eric Stuart	Scientists genetically create a new Pokémon, Mewtwo, but the results are horrific and disastrous.	Japanese	Japan	3 wins & 6 nominations	https://m.media-amazon.com/images/M/MV5BMWYyNTBkNzAtZDg1YS00ZDhhLTg4MjAtOTg2NDY4ZjA2NzcyXkEyXkFqcGdeQXVyMjUzOTY1NTc@._V1_SX300.jpg	[object Object],[object Object],[object Object]	35	6.2	43,023	tt0190641	movie	21 Mar 2000	$85,744,662	N/A	N/A	True
Hannah Montana: The Movie	2009	G	10 Apr 2009	102 min	Comedy, Drama, Family	Peter Chelsom	Dan Berendsen, Michael Poryes, Richard Correll	Miley Cyrus, Emily Osment, Billy Ray Cyrus	As Hannah Montana's popularity begins to take over her life, Miley Stewart, on the urging from her father takes a trip to her hometown of Crowley Corners, Tennessee to get some perspective on what matters in life the most.	English	United States	6 wins & 10 nominations	https://m.media-amazon.com/images/M/MV5BMTkxNjUxODY3NF5BMl5BanBnXkFtZTcwMjQyMzMzMg@@._V1_SX300.jpg	[object Object],[object Object],[object Object]	47	4.5	42,442	tt1114677	movie	18 Aug 2009	$79,576,189	N/A	N/A	True
Shaun the Sheep Movie	2015	PG	05 Aug 2015	85 min	Animation, Adventure, Comedy	Mark Burton, Richard Starzak	Mark Burton, Richard Starzak, Nick Park	Justin Fletcher, John Sparkes, Omid Djalili	When Shaun decides to take the day off and have some fun, he gets a little more action than he bargained for. A mix up with the Farmer, a caravan and a very steep hill lead them all to the Big City and it's up to Shaun and the flo...	None, English	United Kingdom, France, United States	Nominated for 1 Oscar. 5 wins & 50 nominations total	https://m.media-amazon.com/images/M/MV5BOTc1ODY5MTQ1Nl5BMl5BanBnXkFtZTgwMDM5ODI1NjE@._V1_SX300.jpg	[object Object],[object Object],[object Object]	81	7.3	40,565	tt2872750	movie	24 Nov 2015	$19,375,982	N/A	N/A	True
The Transformers: The Movie	1986	PG	08 Aug 1986	84 min	Animation, Action, Adventure	Nelson Shin	Ron Friedman, Henry Orenstein	Orson Welles, Robert Stack, Leonard Nimoy	The Autobots must stop a colossal planet consuming robot who goes after the Autobot Matrix of Leadership. At the same time, they must defend themselves against an all-out attack from the Decepticons.	English, Japanese	United States, Japan, Italy	2 nominations	https://m.media-amazon.com/images/M/MV5BZGM1MGY4OTYtOGZkOC00NjYyLTk3OTMtODUyZDdhYWQ3NGFjXkEyXkFqcGdeQXVyMzM4MjM0Nzg@._V1_SX300.jpg	[object Object],[object Object],[object Object]	43	7.2	39,651	tt0092106	movie	07 Nov 2000	$5,849,647	N/A	N/A	True
The Lizzie McGuire Movie	2003	PG	02 May 2003	94 min	Adventure, Comedy, Family	Jim Fall	Susan Estelle Jansen, Ed Decter, John J. Strauss	Hilary Duff, Adam Lamberg, Clayton Snyder	Lizzie McGuire has graduated from middle school and takes a trip to Rome, Italy with her class. And what was supposed to be only a normal trip, becomes a teenager's dream come true.	English, Italian	United States	2 wins & 3 nominations	https://m.media-amazon.com/images/M/MV5BMTMzNDg1NDc0NF5BMl5BanBnXkFtZTYwOTY2OTU3._V1_SX300.jpg	[object Object],[object Object],[object Object]	56	5.5	39,534	tt0306841	movie	05 Feb 2006	$42,734,455	N/A	N/A	True
Twilight Zone: The Movie	1983	PG	24 Jun 1983	101 min	Horror, Sci-Fi	Joe Dante, John Landis, George Miller	John Landis, George Clayton Johnson, Richard Matheson	Dan Aykroyd, Albert Brooks, Vic Morrow	Four horror and science fiction segments, directed by four famous directors, each of them being a new version of a classic story from Rod Serling's landmark television series.	English, French, German, Vietnamese	United States	1 win & 8 nominations	https://m.media-amazon.com/images/M/MV5BYjQ2NzgzYjEtMzAxNy00MzhkLWE5ZTUtZDA1ODY3MTBjOTRiXkEyXkFqcGdeQXVyNTAyNDQ2NjI@._V1_SX300.jpg	[object Object],[object Object],[object Object]	44	6.4	37,681	tt0086491	movie	09 Oct 2007	$29,450,919	N/A	N/A	True
The Muppet Movie	1979	G	22 Jun 1979	95 min	Adventure, Comedy, Family	James Frawley	Jerry Juhl, Jack Burns	Jim Henson, Frank Oz, Jerry Nelson	Kermit and his newfound friends trek across America to find success in Hollywood, but a frog legs merchant is after Kermit.	English	United Kingdom, United States	Nominated for 2 Oscars. 3 wins & 11 nominations total	https://m.media-amazon.com/images/M/MV5BMGQ0OGM5YjItYzYyMi00NmVmLWI3ODMtMTY2NGRkZmI5MWU2XkEyXkFqcGdeQXVyMzI0NDc4ODY@._V1_SX300.jpg	[object Object],[object Object],[object Object]	74	7.6	35,938	tt0079588	movie	29 Nov 2005	$65,810,475	N/A	N/A	True
Between Two Ferns: The Movie	2019	TV-MA	20 Sep 2019	82 min	Comedy	Scott Aukerman	Scott Aukerman, Zach Galifianakis	Zach Galifianakis, Matthew McConaughey, Rekha Shankar	Zach Galifianakis and his oddball crew take a road trip to complete a series of high-profile celebrity interviews.	English	United States	Nominated for 1 Primetime Emmy. 1 win & 2 nominations total	https://m.media-amazon.com/images/M/MV5BYzgyNzUyZjAtNDRiZS00MjQwLTgzMzQtZThhY2Y3YjFmYTc1XkEyXkFqcGdeQXVyMTkxNjUyNQ@@._V1_SX300.jpg	[object Object],[object Object],[object Object]	59	6.1	32,084	tt9398640	movie	20 Sep 2019	N/A	N/A	N/A	True
The Angry Birds Movie 2	2019	PG	14 Aug 2019	97 min	Animation, Action, Adventure	Thurop Van Orman, John Rice	Peter Ackerman, Eyal Podell, Jonathon E. Stewart	Jason Sudeikis, Josh Gad, Leslie Jones	The flightless birds and scheming green pigs take their feud to the next level.	English	Finland, United States	1 win & 3 nominations	https://m.media-amazon.com/images/M/MV5BYzdkNGJhNzQtMjY1OC00MDI3LTk0ZDUtNzU0MGZiY2YwZGUxXkEyXkFqcGdeQXVyNzMxNjQxMTk@._V1_SX300.jpg	[object Object],[object Object],[object Object]	60	6.4	28,626	tt6095472	movie	27 Aug 2019	$41,667,116	N/A	N/A	True
Captain Underpants: The First Epic Movie	2017	PG	02 Jun 2017	89 min	Animation, Action, Adventure	David Soren	Nicholas Stoller, Dav Pilkey, David Soren	Kevin Hart, Thomas Middleditch, Ed Helms	Two overly imaginative pranksters named George and Harold hypnotize their principal into thinking he's a ridiculously enthusiastic, incredibly dimwitted superhero named Captain Underpants.	English, German	United States	3 wins & 15 nominations	https://m.media-amazon.com/images/M/MV5BMmQwMzdiOGMtNGZiYS00YjgyLWJlMjItYzQ3Nzc2OGIwYjQwXkEyXkFqcGdeQXVyMzQ1MTM3NjY@._V1_SX300.jpg	[object Object],[object Object],[object Object]	69	6.2	28,279	tt2091256	movie	12 Sep 2017	$73,921,000	N/A	N/A	True
Mighty Morphin Power Rangers: The Movie	1995	PG	30 Jun 1995	95 min	Action, Adventure, Family	Bryan Spicer	John Kamps, Arne Olsen	Karan Ashley, Johnny Yong Bosch, Steve Cardenas	A giant egg is unearthed at a construction site and soon opened, releasing the terrible Ivan Ooze, who wreaks vengeance on Zordon for imprisoning him millennia ago. With Zordon dying and their powers lost, the Rangers head to a di...	English	United States, Japan, Australia, New Zealand	1 nomination	https://m.media-amazon.com/images/M/MV5BN2I2Y2I5N2MtMzJhMy00NzE2LThlMzEtNGE0ODA4M2JhOWNiXkEyXkFqcGdeQXVyNTI4MjkwNjA@._V1_SX300.jpg	[object Object],[object Object],[object Object]	40	5.2	27,347	tt0113820	movie	02 Sep 2003	$38,187,431	N/A	N/A	True
DuckTales the Movie: Treasure of the Lost Lamp	1990	G	03 Aug 1990	74 min	Animation, Adventure, Comedy	Bob Hathcock	Alan Burnett, Carl Barks, Ted Osborne	Alan Young, Christopher Lloyd, Terence McGovern	Scrooge McDuck takes Huey, Dewey, and Louie to Egypt to find a pyramid and magic lamp.	English	France, United States	1 nomination	https://m.media-amazon.com/images/M/MV5BMGY1NjdiMmItMmE5MS00NjllLWJmM2ItMmU1ZTRjMWYyZjc4XkEyXkFqcGdeQXVyMjA0MDQ0Mjc@._V1_SX300.jpg	[object Object],[object Object]	N/A	6.8	26,874	tt0099472	movie	13 Jan 2015	$18,115,724	N/A	N/A	True
The Lego Ninjago Movie	2017	PG	22 Sep 2017	101 min	Animation, Action, Adventure	Charlie Bean, Paul Fisher, Bob Logan	Bob Logan, Paul Fisher, William Wheeler	Jackie Chan, Dave Franco, Fred Armisen	Shunned by everyone for being the son of an evil warlord, a teenager seeks to defeat him with the help of his fellow ninjas.	English	United States, Denmark, Australia	7 nominations	https://m.media-amazon.com/images/M/MV5BNDI3MDljMTQtYzBiYS00NDk2LTlhYzUtYmM0NWIyMmZkMDZkXkEyXkFqcGdeQXVyNjk5NDA3OTk@._V1_SX300.jpg	[object Object],[object Object],[object Object]	55	6.0	25,903	tt3014284	movie	19 Dec 2017	$59,364,177	N/A	N/A	True
Man with a Movie Camera	1929	Not Rated	12 May 1929	68 min	Documentary, Music	Dziga Vertov	Dziga Vertov	Mikhail Kaufman, Elizaveta Svilova	A man travels around a city with a camera slung over his shoulder, documenting urban life with dazzling invention.	None	Soviet Union	1 win & 1 nomination	https://m.media-amazon.com/images/M/MV5BYTc3NGVlN2QtYWJlZi00YjhjLThiZjctZDA1MmE1NGI4ZmE4XkEyXkFqcGdeQXVyODQyNDU4OTk@._V1_SX300.jpg	[object Object],[object Object]	N/A	8.4	24,813	tt0019760	movie	16 Feb 1999	N/A	N/A	N/A	True
Deadwood: The Movie	2019	TV-MA	31 May 2019	110 min	Drama, Western	Daniel Minahan	David Milch, Bryan Law	Timothy Olyphant, Ian McShane, Molly Parker	As the residents of Deadwood gather to commemorate Dakota's statehood in 1889, saloon owner Al Swearengen and Marshal Seth Bullock clash with Senator George Hearst.	English, Chinese	United States	Nominated for 8 Primetime Emmys. 3 wins & 37 nominations total	https://m.media-amazon.com/images/M/MV5BM2Y1OGQ4ZjEtZWUzMi00MzZmLTk3MmEtMThiNjIwNzg4MjRkXkEyXkFqcGdeQXVyMTE5NDkxMA@@._V1_SX300.jpg	[object Object],[object Object]	N/A	7.4	22,791	tt4943998	movie	15 Nov 2019	N/A	N/A	N/A	True
The Brady Bunch Movie	1995	PG-13	17 Feb 1995	90 min	Comedy	Betty Thomas	Sherwood Schwartz, Laurice Elehwany, Rick Copp	Shelley Long, Gary Cole, Christine Taylor	The original 70s TV family is now placed in the 1990s, where they're even more square and out of place than ever.	English	United States	3 nominations	https://m.media-amazon.com/images/M/MV5BNmVmYzkzY2YtZWNkNC00YzVhLTk4MzYtZWMxZWQ0YzBhZmYzXkEyXkFqcGdeQXVyMTQxNzMzNDI@._V1_SX300.jpg	[object Object],[object Object],[object Object]	54	6.1	22,500	tt0112572	movie	10 Jun 2003	$46,576,136	N/A	N/A	True
Pokémon the Movie 2000	1999	G	21 Jul 2000	99 min	Animation, Action, Adventure	Michael Haigney, Kunihiko Yuyama	Satoshi Tajiri, Takeshi Shudo, Norman J. Grossfeld	Veronica Taylor, Rica Matsumoto, Ikue Ôtani	Ash Ketchum must gather the three spheres of fire, ice and lightning in order to restore balance to the Orange Islands.	Japanese	Japan, United States	2 nominations	https://m.media-amazon.com/images/M/MV5BNzE1NjBiODAtNDVhNS00ZTI1LTg4ZjUtZTk3OWVhODljMjNjXkEyXkFqcGdeQXVyMzM4MjM0Nzg@._V1_SX300.jpg	[object Object],[object Object]	28	6.0	22,236	tt0210234	movie	N/A	$43,758,684	N/A	N/A	True
Indie Game: The Movie	2012	Not Rated	15 Sep 2012	103 min	Documentary, Drama	Lisanne Pajot, James Swirsky	N/A	Jonathan Blow, Brandon Boyer, Renaud Bédard	A documentary that follows the journeys of indie game developers as they create games and release those works, and themselves, to the world.	English, French	Canada	3 wins & 6 nominations	https://m.media-amazon.com/images/M/MV5BMjA5NTUzMjQ1MV5BMl5BanBnXkFtZTcwMzc1MzQ4Nw@@._V1_SX300.jpg	[object Object],[object Object],[object Object]	73	7.6	21,065	tt1942884	movie	02 Mar 2017	N/A	N/A	N/A	True
The Rugrats Movie	1998	G	20 Nov 1998	79 min	Animation, Adventure, Comedy	Igor Kovalyov, Norton Virgien	David N. Weiss, J. David Stem, Arlene Klasky	Elizabeth Daily, Christine Cavanaugh, Kath Soucie	The babies gets lost in the forest after Tommy Pickles gets a new baby brother.	English	United States	2 wins & 6 nominations	https://m.media-amazon.com/images/M/MV5BZjNiMWE1M2ItMTdlNi00NmZiLWEwYzctODJiMjU1MmY0MTlmL2ltYWdlL2ltYWdlXkEyXkFqcGdeQXVyMTQxNzMzNDI@._V1_SX300.jpg	[object Object],[object Object]	N/A	5.9	19,399	tt0134067	movie	30 Mar 1999	$100,494,675	N/A	N/A	True
The Tigger Movie	2000	G	11 Feb 2000	77 min	Animation, Adventure, Comedy	Jun Falkenstein	Eddie Guzelian, Jun Falkenstein, A.A. Milne	Jim Cummings, Nikita Hopkins, Ken Sansom	Tigger goes looking through the hundred-acre-wood to find his family.	English	Japan, United States	4 nominations	https://m.media-amazon.com/images/M/MV5BMjgwMjljMmItZGNkZC00MTY0LTllZDctZWQzYjYyMzczMTI0XkEyXkFqcGdeQXVyOTg4MDk3MTQ@._V1_SX300.jpg	[object Object],[object Object],[object Object]	53	6.3	18,955	tt0220099	movie	22 Aug 2000	$45,554,533	N/A	N/A	True
The Kentucky Fried Movie	1977	R	04 Nov 1978	83 min	Comedy	John Landis	David Zucker, Jim Abrahams, Jerry Zucker	Evan C. Kim, Bong Soo Han, Bill Bixby	A series of short, highly irreverent, and often tasteless skits.	English, Korean	United States	N/A	https://m.media-amazon.com/images/M/MV5BOGRjZTJiMjYtNjkyZS00NTgwLWI3ODAtMDRlODdkMjQ2YjY3XkEyXkFqcGdeQXVyNjE5MjUyOTM@._V1_SX300.jpg	[object Object],[object Object],[object Object]	61	6.4	18,747	tt0076257	movie	06 Jun 2000	N/A	N/A	N/A	True
Mystery Science Theater 3000: The Movie	1996	PG-13	19 Apr 1996	73 min	Comedy, Drama, Fantasy	Jim Mallon	Michael J. Nelson, Trace Beaulieu, Jim Mallon	Trace Beaulieu, Michael J. Nelson, Jim Mallon	Mike Nelson and his robot companions watch and give their comments about This Island Earth (1955).	English	United States	1 nomination	https://m.media-amazon.com/images/M/MV5BYzNmN2UzNTAtNmZkMS00MmI3LThhNzEtNjI1YjJlN2JiZjU0XkEyXkFqcGdeQXVyMTQxNzMzNDI@._V1_SX300.jpg	[object Object],[object Object],[object Object]	65	7.3	18,420	tt0117128	movie	06 May 2008	$1,007,306	N/A	N/A	True
Wizards of Waverly Place: The Movie	2009	TV-G	28 Aug 2009	94 min	Action, Adventure, Comedy	Lev L. Spiro	Todd J. Greenwald, Dan Berendsen	Selena Gomez, David Henrie, Jake T. Austin	A young wizard conjures a spell that puts her family in jeopardy.	English, Russian	United States	Won 1 Primetime Emmy. 2 wins & 4 nominations total	https://m.media-amazon.com/images/M/MV5BZDVmMjFjZTEtMjc3NC00YTNmLWEwN2EtYzA2MGY3NDJlOTYxL2ltYWdlL2ltYWdlXkEyXkFqcGdeQXVyMTEwMTkwOTI@._V1_SX300.jpg	[object Object]	N/A	6.2	18,251	tt1369845	movie	15 Dec 2009	N/A	N/A	N/A	True
American Movie	1999	R	13 Apr 2000	107 min	Documentary, Comedy	Chris Smith	N/A	Mark Borchardt, Mike Schank, Tom Schimmels	Documentary about an aspiring filmmaker's attempts to finance his dream project by finally completing the low-budget horror film he abandoned years before.	English	United States	6 wins & 6 nominations	https://m.media-amazon.com/images/M/MV5BMjMxMDFhYzQtZDZmZS00ZDBjLWIzY2QtNDBiMDQ5YjBlNTk1XkEyXkFqcGdeQXVyNTAyODkwOQ@@._V1_SX300.jpg	[object Object],[object Object],[object Object]	84	7.8	17,899	tt0181288	movie	23 May 2000	$1,165,795	N/A	N/A	True
The SpongeBob Movie: Sponge on the Run	2020	PG	04 Mar 2021	91 min	Animation, Adventure, Comedy	Tim Hill	Tim Hill, Jonathan Aibel, Glenn Berger	Tim Hill, Clancy Brown, Bill Fagerbakke	After SpongeBob's beloved pet snail Gary is snail-napped, he and Patrick embark on an epic adventure to The Lost City of Atlantic City to bring Gary home.	English, Arabic	United States, South Korea	3 nominations	https://m.media-amazon.com/images/M/MV5BYjlhOGVjOGYtMjZjOS00MzUxLThlZmUtMzE0OTZlMGM4ZTc3XkEyXkFqcGdeQXVyMTM0NTUzNDIy._V1_SX300.jpg	[object Object],[object Object],[object Object]	65	5.9	17,627	tt4823776	movie	04 Mar 2021	$4,810,790	N/A	N/A	True
Silent Movie	1976	Passed	16 Jun 1976	87 min	Comedy	Mel Brooks	Mel Brooks, Ron Clark, Rudy De Luca	Mel Brooks, Marty Feldman, Dom DeLuise	A film director and his strange friends struggle to produce the first major silent feature film in forty years.	English	United States	1 win & 6 nominations	https://m.media-amazon.com/images/M/MV5BZWFkMmJhODItMDA2MC00NDFmLTllNzItYzE1YWMzYjVmYjFiXkEyXkFqcGdeQXVyNjQzNDI3NzY@._V1_SX300.jpg	[object Object],[object Object],[object Object]	75	6.7	17,275	tt0075222	movie	04 Apr 2006	$36,145,695	N/A	N/A	True
Tales from the Darkside: The Movie	1990	R	04 May 1990	93 min	Comedy, Fantasy, Horror	John Harrison	Michael McDowell, Arthur Conan Doyle, Stephen King	Debbie Harry, Matthew Lawrence, Christian Slater	A young boy tells three stories of horror to distract a witch who plans to eat him.	English	United States	1 win	https://m.media-amazon.com/images/M/MV5BODI4ZTI1ZjMtYmE5MC00NTM5LTgwMDgtNWI1ZTI1MDYyOGYyXkEyXkFqcGdeQXVyNjExODE1MDc@._V1_SX300.jpg	[object Object],[object Object],[object Object]	54	6.2	17,264	tt0100740	movie	25 Sep 2001	$16,324,573	N/A	N/A	True
The Onion Movie	2008	Not Rated	07 Jan 2008	86 min	Comedy	Tom Kuntz, Mike Maguire	Todd Hanson, Robert Siegel	Len Cariou, Sarah McElligott, Amir Talai	Satirical interpretations of world events and curious human behavior.	English, Russian, Spanish	United States	N/A	https://m.media-amazon.com/images/M/MV5BNDdkMDUxMmUtNWQ1Yi00OWY3LWI2ZDktOTBmNzVkMTAwODM5XkEyXkFqcGdeQXVyMTY5Nzc4MDY@._V1_SX300.jpg	[object Object]	N/A	6.2	15,950	tt0392878	movie	03 Jun 2008	N/A	N/A	N/A	True
The Greatest Movie Ever Sold	2011	PG-13	24 Aug 2011	90 min	Documentary, Comedy	Morgan Spurlock	Jeremy Chilnick, Morgan Spurlock	J.J. Abrams, Peter Berg, Paul Brennan	A documentary about branding, advertising and product placement that is financed and made possible by brands, advertising and product placement.	English	United States	2 wins & 5 nominations	https://m.media-amazon.com/images/M/MV5BMTM5NzQxOTQwNV5BMl5BanBnXkFtZTcwNDAwODM2NA@@._V1_SX300.jpg	[object Object],[object Object],[object Object]	66	6.6	14,956	tt1743720	movie	23 Aug 2011	$638,476	N/A	N/A	True
The Last: Naruto the Movie	2014	TV-14	06 Oct 2015	112 min	Animation, Action, Adventure	Tsuneo Kobayashi	Masashi Kishimoto, Mauro Kyôzuka, Seth Walther	Junko Takeuchi, Nana Mizuki, Jun Fukuyama	Hinata Hyuga's younger sister has been kidnapped, so Naruto must do what he can to save her.	Japanese	Japan	3 nominations	https://m.media-amazon.com/images/M/MV5BMjk1NzA4Njg4Ml5BMl5BanBnXkFtZTgwMDgxODQ5MzE@._V1_SX300.jpg	[object Object]	N/A	7.6	14,828	tt3717532	movie	06 Oct 2015	$524,451	N/A	N/A	True
Cheech and Chong's Next Movie	1980	R	18 Jul 1980	99 min	Comedy, Crime, Sci-Fi	Tommy Chong	Tommy Chong, Cheech Marin	Cheech Marin, Tommy Chong, Evelyn Guerrero	Cheech and Chong live in a decrepit old house and drive their neighbour crazy with their loud music, weed smoking and general anarchy and slacker view on life. Then Chong meets Cheech's Texan cousin Red and things kick up a notch.	English	United States	1 nomination	https://m.media-amazon.com/images/M/MV5BODk3YmQxZmYtNTdkMi00MDI2LTg1Y2ItNjVjMzhmNWQwYzA1XkEyXkFqcGdeQXVyNjE5MjUyOTM@._V1_SX300.jpg	[object Object],[object Object]	66	6.0	14,111	tt0080520	movie	26 Dec 2006	$41,675,194	N/A	N/A	True
Pokémon 3 the Movie: Spell of the Unown	2000	G	06 Apr 2001	93 min	Animation, Action, Adventure	Kunihiko Yuyama	Marc M., Takeshi Shudo, Hideki Sonoda	Veronica Taylor, Eric Stuart, Rica Matsumoto	In the town of Greenfield, a young, lonely girl's dreams and wishes are brought into reality by a collective of reality-warping Pokémon.	Japanese	Japan	N/A	https://m.media-amazon.com/images/M/MV5BMTk0NzM3MDY1OV5BMl5BanBnXkFtZTYwNTkwODc5._V1_SX300.jpg	[object Object]	N/A	5.8	14,093	tt0235679	movie	N/A	$17,052,128	N/A	N/A	True
Aqua Teen Hunger Force Colon Movie Film for Theaters	2007	R	13 Apr 2007	86 min	Animation, Action, Adventure	Matt Maiellaro, Dave Willis	Matt Maiellaro, Dave Willis	Dana Snyder, Dave Willis, Carey Means	An action epic that explores the origins of Master Shake, Frylock, and Meatwad, better known as the Aqua Teen Hunger Force, who somehow become pitted in a battle over an immortal piece of exercise equipment.	English	United States	N/A	https://m.media-amazon.com/images/M/MV5BMTc0OTQwNzYyNF5BMl5BanBnXkFtZTcwMDc5NTM0MQ@@._V1_SX300.jpg	[object Object],[object Object],[object Object]	54	6.6	13,992	tt0455326	movie	14 Aug 2007	$5,520,368	N/A	N/A	True
A Shaun the Sheep Movie: Farmageddon	2019	G	14 Feb 2020	86 min	Animation, Adventure, Comedy	Will Becher, Richard Phelan	Mark Burton, Jon Brown, Richard Starzak	Justin Fletcher, John Sparkes, Amalia Vitale	When an alien with amazing powers crash-lands near Mossy Bottom Farm, Shaun the Sheep goes on a mission to shepherd the intergalactic visitor home before a sinister organization can capture her.	English	United Kingdom, France, Belgium, United States	Nominated for 1 Oscar. 2 wins & 21 nominations total	https://m.media-amazon.com/images/M/MV5BNTdjZjBkMDMtODBlNi00N2E0LWE1OGItOTgxODNmMDkzNGJmXkEyXkFqcGdeQXVyNjg2NjQwMDQ@._V1_SX300.jpg	[object Object],[object Object],[object Object]	79	6.8	13,553	tt6193408	movie	14 Feb 2020	N/A	N/A	N/A	True
Santa Claus: The Movie	1985	PG	27 Nov 1985	107 min	Adventure, Family, Fantasy	Jeannot Szwarc	David Newman, Leslie Newman	Dudley Moore, John Lithgow, David Huddleston	The legend of Santa Claus is put in jeopardy when an unscrupulous toy manufacturer attempts to take over Christmas.	English	United Kingdom, United States	N/A	https://m.media-amazon.com/images/M/MV5BZDc1OGVkMmQtYTU0NC00ZTc4LWIyNjItM2IzYzcwNTA1ZmJmXkEyXkFqcGdeQXVyMjY3MjUzNDk@._V1_SX300.jpg	[object Object],[object Object]	N/A	6.3	13,431	tt0089961	movie	04 Oct 2005	$23,717,291	N/A	N/A	True
My Scientology Movie	2015	Not Rated	10 Mar 2017	99 min	Documentary	John Dower	John Dower, Louis Theroux	Louis Theroux, Tom Cruise, Marty Rathbun	Louis Theroux documents his investigation into what goes on behind the scenes of the infamous Church of Scientology.	English	United Kingdom	4 nominations	https://m.media-amazon.com/images/M/MV5BMTQ5NTI2NDc3NF5BMl5BanBnXkFtZTgwNDA3ODk2MTI@._V1_SX300.jpg	[object Object],[object Object],[object Object]	62	6.6	12,925	tt5111874	movie	10 Mar 2017	$22,936	N/A	N/A	True
Trailer Park Boys: The Movie	2006	R	06 Oct 2006	95 min	Comedy, Crime	Mike Clattenburg	Mike Clattenburg, Robb Wells	Robb Wells, John Paul Tremblay, Mike Smith	Ricky, Julian and Bubbles come up with a scheme to steal large amounts of untraceable coins.	English	Canada	3 nominations	https://m.media-amazon.com/images/M/MV5BMTY5Mzg4MDM1M15BMl5BanBnXkFtZTcwNTk4MzkzMQ@@._V1_SX300.jpg	[object Object],[object Object],[object Object]	38	7.1	12,912	tt0425601	movie	22 Apr 2008	$3,860,678	N/A	N/A	True
Absolutely Fabulous: The Movie	2016	R	22 Jul 2016	91 min	Comedy, Crime	Mandie Fletcher	Jennifer Saunders	Jennifer Saunders, Joanna Lumley, Jane Horrocks	After attracting both media and police attention for accidentally knocking Kate Moss into the River Thames, Edina and Patsy hide out in the south of France.	English, French	United Kingdom, United States	1 win & 8 nominations	https://m.media-amazon.com/images/M/MV5BMjI4NDI5MDg2OV5BMl5BanBnXkFtZTgwNzA5ODQ3ODE@._V1_SX300.jpg	[object Object],[object Object],[object Object]	59	5.4	12,548	tt2112096	movie	29 Nov 2016	$4,772,155	N/A	N/A	True
Ultimate Avengers: The Movie	2006	PG-13	21 Feb 2006	72 min	Animation, Action, Adventure, Sci-Fi	Curt Geda, Steven E. Gordon, Bob Richardson	"Mark Millar (comic book: ""The Ultimates""), Bryan Hitch (comic book: ""The Ultimates""), Greg Johnson (screen story), Boyd Kirkland (screen story), Craig Kyle (screen story), Greg Johnson (screenplay), Christopher L. Yost (additional writing), Joe Simon (comic book & character: Captain America), Jack Kirby (comic book & character: Captain America)"	Justin Gross, Grey Griffin, Michael Massee, Marc Worden	To confront an alien menace, General Fury assembles a team of superheroes lead by a recently resuscitated Captain America.	Spanish, English	USA	1 win & 1 nomination.	https://m.media-amazon.com/images/M/MV5BMTYyMjk0NTMwMl5BMl5BanBnXkFtZTgwNzY0NjAwNzE@._V1_SX300.jpg	[object Object]	N/A	6.7	12,075	tt0491703	movie	13 Oct 2009	N/A	N/A	N/A	True
Teen Beach Movie	2013	Not Rated	19 Jul 2013	110 min	Comedy, Family, Fantasy	Jeffrey Hornaday	Vince Marcello, Mark Landry, Robert Horn	Ross Lynch, Maia Mitchell, Gracie Gillam	Two surfing lovers, whose doomed relationship is nearing to a close, find themselves swept into a dimension-traversing wave that sends them into a beach movie musical in the 60's.	English	United States	2 nominations	https://m.media-amazon.com/images/M/MV5BMTQzMjc1OTU5NF5BMl5BanBnXkFtZTgwODIwMTEwMDE@._V1_SX300.jpg	[object Object],[object Object]	N/A	5.8	11,723	tt2325989	movie	30 Jul 2013	N/A	N/A	N/A	True
Phineas and Ferb the Movie: Across the 2nd Dimension	2011	TV-G	05 Aug 2011	78 min	Animation, Action, Adventure	Robert Hughes, Dan Povenmire, Jay Lender	Jon Colton Barry, Dan Povenmire, Jeff 'Swampy' Marsh	Vincent Martella, Ashley Tisdale, Thomas Brodie-Sangster	Phineas and Ferb discover that Perry is a secret agent, and they all get stuck in an alternate dimension where Doofenschmirtz is the ruler of the tri-state area.	Mandarin, Chinese, Min Nan, English	United States, Taiwan, China	Nominated for 1 Primetime Emmy. 3 wins & 4 nominations total	https://m.media-amazon.com/images/M/MV5BMjA3MWQ4OGYtYjQyNS00ZmQxLWJjMjEtY2I1MWJkOTU2MTQ1XkEyXkFqcGdeQXVyMTA4NDI1NTQx._V1_SX300.jpg	[object Object],[object Object]	N/A	7.4	11,556	tt1825918	movie	23 Aug 2011	N/A	N/A	N/A	True
Fullmetal Alchemist the Movie: Conqueror of Shamballa	2005	PG-13	25 Aug 2006	105 min	Animation, Action, Adventure	Seiji Mizushima	Hiromu Arakawa, Shô Aikawa, Jared Hedges	Vic Mignogna, Aaron Dismuke, Jason Liebrecht	Edward Elric, an alchemist from an alternate world, races to prevent the Thule Society from harnessing alchemy to wage war on his home.	Romany, Japanese, German	Japan	5 wins	https://m.media-amazon.com/images/M/MV5BOWZmYWRmYTUtMDFhMS00OTJiLTkwYTgtY2VkNjgxMmI3YzJkXkEyXkFqcGdeQXVyMzM4MjM0Nzg@._V1_SX300.jpg	[object Object]	N/A	7.3	11,446	tt0485323	movie	16 Jan 2020	N/A	N/A	N/A	True
Psych: The Movie	2017	TV-PG	07 Dec 2017	88 min	Comedy, Crime, Mystery	Steve Franks	Steve Franks, James Roday Rodriguez	James Roday Rodriguez, Dulé Hill, Timothy Omundson	The old gang comes together during the holidays after a mystery assailant targets one of their own.	English	United States	2 nominations	https://m.media-amazon.com/images/M/MV5BZjE2Mzk5NGItMTEzMi00MmYxLWFlNjEtNGFmZGViNzQ2ZWFkXkEyXkFqcGdeQXVyMjM5NzU3OTM@._V1_SX300.jpg	[object Object],[object Object]	N/A	7.3	11,204	tt6868216	movie	08 Dec 2017	N/A	N/A	N/A	True
Extreme Movie	2008	R	29 Jul 2009	86 min	Comedy	Adam Jay Epstein, Andrew Jacobson	Adam Jay Epstein, Andrew Jacobson, Will Forte	Frankie Muniz, Michael Cera, Ashley Schneider	A sketch comedy movie about the joys and embarrassments of teen sex. But mostly the embarrassments.	English	United States	N/A	https://m.media-amazon.com/images/M/MV5BNDAzNzQ4MDEtOGViNi00YjliLTlkMmItNjc0YWRhZGJhMDJhXkEyXkFqcGdeQXVyMTQxNzMzNDI@._V1_SX300.jpg	[object Object]	N/A	3.7	11,159	tt0806147	movie	24 Feb 2009	N/A	N/A	N/A	True
Tom and Jerry: The Movie	1992	G	30 Jul 1993	84 min	Animation, Adventure, Comedy	Phil Roman	Dennis Marks, William Hanna, Joseph Barbera	Richard Kind, Dana Hill, Anndi McAfee	Cat and mouse duo Tom and Jerry reluctantly work together to save a young girl from her evil aunt.	English	United States, Germany	1 nomination	https://m.media-amazon.com/images/M/MV5BMjMxYjU0NmUtOTg0NC00ZGQ5LWEwZjEtZTU4OTgwMzAwYjk5XkEyXkFqcGdeQXVyNzc5MjA3OA@@._V1_SX300.jpg	[object Object],[object Object]	N/A	5.3	11,018	tt0105616	movie	26 Mar 2002	$3,560,469	N/A	N/A	True
An Extremely Goofy Movie	2000	G	29 Feb 2000	79 min	Animation, Comedy, Family, Sport	Douglas McCarthy	Scott Spencer Gorden (screenplay by), Hillary Carlip (additional screenplay material by)	Bill Farmer, Jason Marsden, Jeff Bennett, Jim Cummings	Max goes to college, but to his embarassment his father loses his job and goes to his son's campus.	English	USA, Australia	2 wins & 1 nomination.	https://m.media-amazon.com/images/M/MV5BNTJkNmQ1ODItNTJhOS00NWRhLTg0NjAtYjZlNWYxZWJmNTY4XkEyXkFqcGdeQXVyOTg4MDk3MTQ@._V1_SX300.jpg	[object Object],[object Object]	N/A	6.4	10,662	tt0208185	movie	03 Jun 2003	N/A	N/A	N/A	True
Boruto: Naruto The Movie	2015	PG	28 Mar 2017	95 min	Animation, Action, Adventure	Hiroyuki Yamashita, Toshiyuki Tsuru	Masashi Kishimoto, Ukyô Kodachi	Yûko Sanpei, Kokoro Kikuchi, Ryûichi Kijima	It's been some years since the end of the Shinobi War. Naruto Uzumaki is the 7th Hokage of Konohagakure, in this new era. His son, Boruto Uzumaki, will soon enter the Chûnin exams, alongside Sarada Uchiha and the mysterious Mitsuki.	Japanese	Japan	3 nominations	https://m.media-amazon.com/images/M/MV5BNDIwYjg5YzItZTJmMC00YjJhLWFiNjYtMDU5MmQxOTQxODM2XkEyXkFqcGdeQXVyMjc2Nzg5OTQ@._V1_SX300.jpg	[object Object]	N/A	7.8	10,573	tt4618398	movie	28 Mar 2017	$919,651	N/A	N/A	True
Tim and Eric's Billion Dollar Movie	2012	R	27 Jan 2012	93 min	Comedy	Tim Heidecker, Eric Wareheim	Tim Heidecker, Eric Wareheim, Jonathan Krisel	Tim Heidecker, Eric Wareheim, Robert Loggia	Two guys get a billion dollars to make a movie, only to watch their dream run off course. In order to make the money back, they then attempt to revitalize a failing shopping mall.	English	United States	1 nomination	https://m.media-amazon.com/images/M/MV5BMTU0NTQ5NDYwMV5BMl5BanBnXkFtZTcwNjUzNzUxNw@@._V1_SX300.jpg	[object Object],[object Object],[object Object]	40	5.3	10,118	tt1855401	movie	08 May 2012	$201,436	N/A	N/A	True
Uno: The Movie	2016	N/A	30 Nov 2016	164 min	Comedy	N/A	Geoff Ramsey	Geoff Ramsey, Gavin Free, Ryan Haywood, Jeremy Dooley	What had started as a simple game of UNO! turned into a psychological horror. Coworkers are driven to the edge of madness as they commit to a game of Uno.	English	USA	N/A	https://m.media-amazon.com/images/M/MV5BN2YyNmMzZmQtYjg1MS00OTEwLTkwZDEtOWNlMTEzOWIzMWM3L2ltYWdlL2ltYWdlXkEyXkFqcGdeQXVyNzQwNDg4MQ@@._V1_SX300.jpg	[object Object]	N/A	9.5	10,106	tt6290024	movie	N/A	N/A	Rooster Teeth Productions	N/A	True
The Powerpuff Girls Movie	2002	PG	03 Jul 2002	73 min	Animation, Action, Adventure	Craig McCracken, Genndy Tartakovsky	Charlie Bean, Lauren Faust, Craig McCracken	Cathy Cavadini, Tara Strong, Elizabeth Daily	The movie shows the origin of the Powerpuff Girls before the cartoon series. It explains why they were born and why they dedicated their lives to fighting crime and the forces of evil.	English	United States	N/A	https://m.media-amazon.com/images/M/MV5BNDE2ZWIyZmItYjNlZC00NmQ4LWIyMjQtMDJiM2JmYWMyOWQzXkEyXkFqcGdeQXVyMTM0NTUzNDIy._V1_SX300.jpg	[object Object],[object Object],[object Object]	65	6.5	10,084	tt0289408	movie	N/A	$11,412,414	Warner Brothers, Cartoon Network	N/A	True
It's Pat: The Movie	1994	PG-13	25 Nov 1994	77 min	Comedy	Adam Bernstein	Julia Sweeney, Jim Emerson, Stephen Hibbert	Julia Sweeney, David Foley, Charles Rocket	The comedic misadventures of a person of indeterminate gender.	English, Japanese	United States	1 win & 7 nominations	https://m.media-amazon.com/images/M/MV5BM2VhMjI0NDQtZWRjMS00ZWY4LTk2MmItZTY4MzE4M2ZmOTQ3L2ltYWdlXkEyXkFqcGdeQXVyNjE5MjUyOTM@._V1_SX300.jpg	[object Object],[object Object]	N/A	2.7	9,892	tt0110169	movie	19 Mar 2013	$60,822	N/A	N/A	True
Big Fat Important Movie	2008	PG-13	03 Oct 2008	83 min	Comedy, Fantasy	David Zucker	David Zucker, Myrna Sokoloff, Lewis Friedman	Kevin P. Farley, Kelsey Grammer, Leslie Nielsen	An anti-American filmmaker who's out to abolish the July Fourth holiday is visited by three ghosts who try to change his perception of the country.	English	United States	N/A	https://m.media-amazon.com/images/M/MV5BMjA5MjAyNzcxMF5BMl5BanBnXkFtZTcwNTk2MzI5MQ@@._V1_SX300.jpg	[object Object],[object Object],[object Object]	20	4.1	9,825	tt1190617	movie	01 Jan 2012	$7,013,191	N/A	N/A	True
Left Behind: The Movie	2000	PG-13	02 Feb 2001	96 min	Action, Drama, Fantasy	Vic Sarin	Alan B. McElroy, Paul Lalonde, Joe Goodman	Kirk Cameron, Brad Johnson, Janaya Stephens	The Biblical prophecy of Armegeddon begins when the Rapture instantly takes all believers in Christ from the Earth. A reporter left behind learns that the Anti-Christ will soon take power.	English	Canada	3 nominations	https://m.media-amazon.com/images/M/MV5BMGU3MmMxOWYtZmNhNi00ZjczLWJkYmEtMjJjZjBiZDRiYmZmXkEyXkFqcGdeQXVyMTY5Nzc4MDY@._V1_SX300.jpg	[object Object],[object Object],[object Object]	22	4.3	9,750	tt0190524	movie	N/A	$4,224,065	N/A	N/A	True
Doctor Who: The Movie	1996	N/A	14 May 1996	89 min	Adventure, Drama, Sci-Fi	Geoffrey Sax	Matthew Jacobs, Sydney Newman	Paul McGann, Eric Roberts, Daphne Ashbrook	The newly-regenerated Doctor takes on the Master on the turn of the millennium, 31 December 1999.	English	United States, United Kingdom	1 win & 1 nomination	https://m.media-amazon.com/images/M/MV5BMDFiMGU1MmQtMTg0Ny00ZmQ4LTkyMWMtYjVlZGRmMWY5ZDliXkEyXkFqcGdeQXVyMTA0MTI2ODE4._V1_SX300.jpg	[object Object]	N/A	6.3	9,631	tt0116118	movie	08 Feb 2011	N/A	N/A	N/A	True
The Batman Superman Movie: World's Finest	1997	TV-PG	04 Oct 1997	64 min	Animation, Action, Adventure	Toshihiko Masuda	Alan Burnett, Paul Dini, Stan Berkowitz	Tim Daly, Dana Delany, Kevin Conroy	Joker goes to Metropolis with an offer and plan to kill Superman for Lex Luthor while Batman pursues the clown to Superman's turf.	English	United States	N/A	https://m.media-amazon.com/images/M/MV5BYzk0MTI0YmUtMDgwOC00M2U5LTgzMDktM2RhN2M3ZDVmOWFiXkEyXkFqcGdeQXVyNTAyODkwOQ@@._V1_SX300.jpg	[object Object]	N/A	7.7	9,394	tt0169590	movie	N/A	N/A	N/A	N/A	True
Another Gay Movie	2006	Not Rated	03 May 2007	92 min	Comedy, Romance	Todd Stephens	Todd Stephens, Tim Kaltenecker	Michael Carbonaro, Jonathan Chase, Jonah Blechman	Four gay high school friends make a pact to lose their virginity before they go to college.	English	United States	2 wins & 1 nomination	https://m.media-amazon.com/images/M/MV5BMTYzMTIzNDI3MV5BMl5BanBnXkFtZTgwNDQwMjMxMTE@._V1_SX300.jpg	[object Object],[object Object],[object Object]	37	4.9	9,060	tt0443431	movie	21 Nov 2006	$654,132	N/A	N/A	True
Turbo: A Power Rangers Movie	1997	PG	28 Mar 1997	99 min	Action, Adventure, Family	Shuki Levy, David Winning	Shuki Levy, Shell Danielson, Haim Saban	Jason David Frank, Catherine Sutherland, Hilary Shepard	A space alien is threatening to bring destruction on Earth, and the Power Rangers are enhanced with turbo powers in order to prevent his plan.	English	Japan, United States	1 nomination	https://m.media-amazon.com/images/M/MV5BMzAxMDA0MGUtMWJjYy00YWNlLTk1NmEtNTM5Y2FjYjMzNjM5XkEyXkFqcGdeQXVyNDAxNjkxNjQ@._V1_SX300.jpg	[object Object],[object Object],[object Object]	35	3.5	8,962	tt0120389	movie	02 Sep 2003	$8,363,899	N/A	N/A	True
Street Fighter II: The Animated Movie	1994	PG-13	16 Jan 1996	102 min	Animation, Action, Adventure	Gisaburô Sugii	Takashi Nishiyama, Hiroshi Matsumoto, Akira Nishitani	Kôjiro Shimizu, Kenji Haga, Miki Fujitani	Based on the legendary video game series. This anime classic follows Ryu, a talented fighter who may be the greatest in all of the world, and Bison, the evil mastermind searching for Ryu's talents.	Japanese	Japan	N/A	https://m.media-amazon.com/images/M/MV5BYzY4OWMzZDUtNDE4Ny00MzJhLWFhN2YtNTA1Mjc1MWE4MTE4XkEyXkFqcGdeQXVyMzM4MjM0Nzg@._V1_SX300.jpg	[object Object]	N/A	7.2	8,950	tt0114563	movie	03 Jan 2019	N/A	N/A	N/A	True
Stitch! The Movie	2003	G	25 Aug 2003	60 min	Animation, Adventure, Comedy, Family, Sci-Fi	Tony Craig, Roberts Gannaway	Jess Winfield, Roberts Gannaway	Daveigh Chase, Chris Sanders, Tia Carrere, David Ogden Stiers	Stitch, an alien living on Earth disguised as a dog with his human family, continues his adventures when he discovers that the alien family he never knew he had is now in Hawaii, being hunted down by galactic forces.	Hawaiian, English	USA	2 nominations.	https://m.media-amazon.com/images/M/MV5BMjE4NzAwMjIyMl5BMl5BanBnXkFtZTcwNjYwMjAwMQ@@._V1_SX300.jpg	[object Object],[object Object]	N/A	6.2	8,719	tt0348124	movie	11 Jun 2013	N/A	N/A	N/A	True
Yu-Gi-Oh!: The Movie - Pyramid of Light	2004	PG	13 Aug 2004	90 min	Animation, Action, Adventure	Christopher Collet, Eric Stuart, Hatsuki Tsuji	Matthew Drdek, Lloyd Goldfine, Norman J. Grossfeld	Dan Green, Eric Stuart, Amy Birnbaum	Underneath the sands of Egypt, Anubis, an ancient evil spirit, has awakened. It's up to Yugi, who defeated Anubis centuries ago, to use his skill and determination to rid the world of evil once again.	English	Japan, United States	N/A	https://m.media-amazon.com/images/M/MV5BNTQ4NzM0NTAyMF5BMl5BanBnXkFtZTYwOTc2MTg3._V1_SX300.jpg	[object Object],[object Object],[object Object]	15	4.9	8,553	tt0403703	movie	16 Nov 2004	$19,887,556	N/A	N/A	True
Little Horror Movie	2018	N/A	28 Jun 2019	84 min	Horror	Jérôme Cohen-Olivar	Jérôme Cohen-Olivar	Einar Kuusk, Aouatefe Lahmani, Rebecca Ramon	Three You tubers struggling to get more views on their adventure channel, travel to the mythical city of Casablanca, unaware that it hides a terrifying secret.	English	United States	5 wins & 2 nominations	https://m.media-amazon.com/images/M/MV5BNjFjMjViMDgtMTBmMC00MWU0LWIwZTYtODEwZjZmZjVmNTFkXkEyXkFqcGdeQXVyMzE3MDkzMjM@._V1_SX300.jpg	[object Object]	N/A	5.2	8,466	tt3692082	movie	28 Jun 2019	$478,000	N/A	N/A	True
Fred: The Movie	2010	TV-PG	18 Sep 2010	81 min	Adventure, Comedy, Family	Clay Weiner	David A. Goodman, Lucas Cruikshank	Lucas Cruikshank, Pixie Lott, Jake Weary	Lovestruck, awkward teen Fred Figglehorn makes desperate attempts to make Judy fall in love with him - while also dodging the mischievous Kevin.	English	United States	1 nomination	https://m.media-amazon.com/images/M/MV5BOGFhMDc5NjYtODI4Ny00M2FmLTk3YmUtMTQwZDFlYmRiNDI1XkEyXkFqcGdeQXVyODIxNjk4NzQ@._V1_SX300.jpg	[object Object],[object Object]	N/A	2.0	8,317	tt1595842	movie	17 Aug 2010	N/A	N/A	N/A	True
Steins;Gate: The Movie - Load Region of Déjà Vu	2013	TV-14	20 Apr 2013	90 min	Animation, Mystery, Sci-Fi	Kanji Wakabayashi, Hiroshi Hamasaki, Takuya Satô	Chiyomaru Shikura, Jukki Hanada, J. Michael Tatum	Mamoru Miyano, Asami Imai, Kana Hanazawa	After the events of the anime, Rintarou begins to feel the repercussions of extensive time travel, and eventually completely fades from reality. Kurisu, being the only companion to remember him, now must find a way to bring him back.	Japanese	Japan	1 nomination	https://m.media-amazon.com/images/M/MV5BOGJlNDM3ZjktOTNiNy00YmNmLWJlOGYtNDM4MTI2ZjRjOTNmXkEyXkFqcGdeQXVyNjc3OTE4Nzk@._V1_SX300.jpg	[object Object]	N/A	7.8	8,272	tt2967286	movie	N/A	N/A	N/A	N/A	True
Best Worst Movie	2009	Not Rated	14 Mar 2009	93 min	Documentary, Comedy, Drama	Michael Paul Stephenson	Michael Paul Stephenson	George Hardy, Lily Hardy, Pita Ray	"A look at the making of the film Troll 2 (1990) and its journey from being crowned the ""worst film of all time"" to a cherished cult classic."	English, Italian	United States	3 wins & 1 nomination	https://m.media-amazon.com/images/M/MV5BMTQ1NjE1MjYzNF5BMl5BanBnXkFtZTcwMDU0MDczMw@@._V1_SX300.jpg	[object Object],[object Object],[object Object]	61	7.2	8,171	tt1144539	movie	16 Nov 2010	$109,895	N/A	N/A	True
The Garbage Pail Kids Movie	1987	PG	07 Apr 1988	100 min	Adventure, Comedy, Family	Rod Amateau	Linda Palmer, Rod Amateau, John Pound	Anthony Newley, Mackenzie Astin, Phil Fondacaro	Dodger must confront the struggles of life as he is visited by the Garbage Pail Kids and intimidated by some older bullies.	English	United States	4 nominations	https://m.media-amazon.com/images/M/MV5BMTgzMzEwMzY5Nl5BMl5BanBnXkFtZTgwMzczNjkwMzE@._V1_SX300.jpg	[object Object],[object Object],[object Object]	1	2.6	8,011	tt0093072	movie	01 Aug 2006	$1,576,615	N/A	N/A	True
Sword Art Online the Movie: Ordinal Scale	2017	TV-14	18 Feb 2017	119 min	Animation, Action, Adventure	Tomohiko Itô	Tomohiko Itô, Reki Kawahara	Yoshitsugu Matsuoka, Haruka Tomatsu, Kanae Itô	Kirito uncovers a conspiracy within Ordinal Scale, a popular AR game developed for a new system called The Augma.	Japanese	Japan	2 nominations	https://m.media-amazon.com/images/M/MV5BZGE4M2M2OTYtZDgwMy00NGYwLWE0YTYtYzkyMDFjYWFhN2QzXkEyXkFqcGdeQXVyMzgxODM4NjM@._V1_SX300.jpg	[object Object]	N/A	7.3	7,943	tt5544384	movie	22 Mar 2018	$1,522,976	N/A	N/A	True
Piglet's Big Movie	2003	G	21 Mar 2003	75 min	Animation, Adventure, Comedy	Francis Glebas	Brian Hohlfeld, A.A. Milne, Ted Henning	John Fiedler, Jim Cummings, Ken Sansom	When Piglet comes up missing his Hundred Acre Wood friends use Piglet's own Book of Memories to find him, discovering along the way just how big a role he's played in their lives.	English	United States	1 nomination	https://m.media-amazon.com/images/M/MV5BMTc5MzE2ODAyOF5BMl5BanBnXkFtZTYwNTcwNDg3._V1_SX300.jpg	[object Object],[object Object],[object Object]	62	6.1	7,879	tt0323642	movie	29 Jul 2003	$23,103,423	N/A	N/A	True
Pooh's Heffalump Movie	2005	G	11 Feb 2005	68 min	Animation, Adventure, Comedy	Frank Nissen	Brian Hohlfeld, Evan Spiliotopoulos, A.A. Milne	Jim Cummings, Brenda Blethyn, Kyle Stanger	When Roo sets off on his own into the Hundred Acre Wood, he discovers a friendly and playful Heffalump named Lumpy.	English	United States	1 nomination	https://m.media-amazon.com/images/M/MV5BMTUyOTk5MDM4N15BMl5BanBnXkFtZTcwMTM0NDcyMQ@@._V1_SX300.jpg	[object Object],[object Object],[object Object]	64	6.4	7,543	tt0407121	movie	24 May 2005	$18,098,433	N/A	N/A	True
Digimon: The Movie	2000	PG	06 Oct 2000	82 min	Animation, Action, Adventure	Bob Buchholz, Mamoru Hosoda, Jeff Nimoy	Akiyoshi Hongo, Jeff Nimoy, Bob Buchholz	Lara Jill Miller, Joshua Seth, Bob Papenbrook	Throughout three different stories, Kari Kamiya and her friends take on explosive adventures involving digital creatures.	English	United States, Japan	1 win	https://m.media-amazon.com/images/M/MV5BMjE2NTAyMjUxMl5BMl5BanBnXkFtZTYwOTAwODQ3._V1_SX300.jpg	[object Object],[object Object],[object Object]	20	6.0	7,412	tt0259974	movie	06 Feb 2001	$9,631,153	N/A	N/A	True
Angry Video Game Nerd: The Movie	2014	Unrated	21 Jul 2014	115 min	Adventure, Comedy, Sci-Fi	Kevin Finn, James Rolfe	Kevin Finn, James Rolfe	James Rolfe, Jeremy Suarez, Sarah Glendening	The AVGN must overcome his phobia of the worst video game in the world to save his fans.	English	United States	N/A	https://m.media-amazon.com/images/M/MV5BMjA2NzYzMTg4NF5BMl5BanBnXkFtZTgwNDcyMzIwMjE@._V1_SX300.jpg	[object Object]	N/A	5.5	7,316	tt2123146	movie	15 Mar 2016	N/A	N/A	N/A	True
Hey Arnold! The Movie	2002	PG	28 Jun 2002	76 min	Animation, Adventure, Comedy	Tuck Tucker	Craig Bartlett, Steve Viksten	Spencer Klein, Francesca Marie Smith, Jamil Walker Smith	Arnold and company must recover a stolen document needed in order to prevent the neighborhood from being bulldozed.	English	United States	1 nomination	https://m.media-amazon.com/images/M/MV5BYjhlMTU0YWQtMjlkMi00MzI0LWJkYmMtNzVlMjMyYjY4ODJhL2ltYWdlL2ltYWdlXkEyXkFqcGdeQXVyMTQxNzMzNDI@._V1_SX300.jpg	[object Object],[object Object],[object Object]	47	5.9	7,302	tt0314166	movie	31 Dec 2002	$13,728,902	N/A	N/A	True
Constantine: City of Demons - The Movie	2018	R	04 Oct 2018	90 min	Animation, Action, Fantasy	Doug Murphy	J.M. DeMatteis, Steve Bissette, John Totleben	Matt Ryan, Laura Bailey, Robin Atkin Downes	A decade after a tragic mistake, Chas Chandler and occult investigator John Constantine set out to cure Chas's daughter, Trish, from a demonically induced coma.	English	United States	N/A	https://m.media-amazon.com/images/M/MV5BYTU1ODk0OTAtZTJiYy00MTJlLWI2MGYtOWJhYTg5YzJkOGE4XkEyXkFqcGdeQXVyODc5Mjc4Nzg@._V1_SX300.jpg	[object Object]	N/A	7.3	7,185	tt9177882	movie	09 Oct 2018	N/A	N/A	N/A	True